{"properties": [
  {
    "name": "job.enabled-for",
    "type": "java.lang.String",
    "description": "A description for 'job.enabled-for'"
  },
  {
    "name": "cron.expression-value",
    "type": "java.lang.String",
    "description": "A description for 'cron.expression-value'"
  },
  {
    "name": "csv.file.location",
    "type": "java.lang.String",
    "description": "A description for 'csv.file.location'"
  },
  {
    "name": "logfile.location",
    "type": "java.lang.String",
    "description": "A description for 'logfile.location'"
  }
]}